EquipmentId|SystemId|Serial|Country|FacilityId|SourceSystem|Modality|InstallationDate|LifeCycle|ContractNumber|ContractType|ContractStatus|ProductId|SystemDescription|ContractStartDate|ContractEndDate|UsingDepartment|OwningDepartment
201225MR2|1-20J0-1242||US|US_300070|SIEBEL|MR|2008-09-08 00:00:00.000|In Production|0278283|ASSUREPOINT RAPID|contractLineStatusActive|?|1-5T HDX ECHOSPEED 8 CHANNEL|2009-05-31 10:15:00.000|2018-06-24 05:00:00.000|NEW CENTURY IMAGING LLC|NEW CENTURY IMAGING LLC
201225MR2CHLR|1-20J0-1423|C1082148|US|US_300070|SIEBEL|MR|2008-06-15 00:00:00.000|In Production||||?|AIRSYS 10KW MR CHILLER|||NEW CENTURY IMAGING LLC|NEW CENTURY IMAGING LLC
201599DST|1-219W-8819||US|US_300070|SIEBEL|PET|2004-09-17 00:00:00.000|Retired|0363646|ASSUREPOINT REFRESH|contractLineStatusActive|?|DISCOVERY PET ST 16|2013-12-01 10:15:00.000|2017-11-30 10:15:00.000|NEW CENTURY IMAGING LLC|NEW CENTURY IMAGING LLC
00000000000572|1-205N-6466|00000000000572|US|US_151654|SIEBEL|OTHER|2009-02-23 00:00:00.000|In Production||||?|NECK CHEST UNIT 1.5T BRAIN SPINE FRU|||CITIZENS MEDICAL CENTER|CITIZENS MEDICAL CENTER
00000000000577|1-205N-6543|00000000000577|US|US_151654|SIEBEL|OTHER|2009-02-23 00:00:00.000|In Production||||?|TL UNIT 1.5T BRAIN SPINE FRU|||CITIZENS MEDICAL CENTER|CITIZENS MEDICAL CENTER
00000000000600|1-205N-6465|00000000000600|US|US_151654|SIEBEL|OTHER|2009-02-23 00:00:00.000|In Production||||?|HEAD NECK UNIT 1.5T BRAIN SPINE FRU|||CITIZENS MEDICAL CENTER|CITIZENS MEDICAL CENTER
00000000001492|1-215E-6874|00000000001492|US|US_151654|SIEBEL|OTHER|2012-04-30 00:00:00.000|Retired||||?|UNDERTABLE COLLIMATOR SIEMENS AF01A FOR ARETHA|||CITIZENS MEDICAL CENTER|CITIZENS MEDICAL CENTER
00000001879YP6|1-205W-1695|00000001879YP6|US|US_151654|SIEBEL|ULTRASOUND|2006-11-17 00:00:00.000|In Production||||?|M4S|||CITIZENS MEDICAL CENTER|CITIZENS MEDICAL CENTER
00000002000278|1-205W-1858|00000002000278|US|US_151654|SIEBEL|ULTRASOUND|2010-06-11 00:00:00.000|In Production||||?|Probe S4-10|||CITIZENS MEDICAL CENTER|CITIZENS MEDICAL CENTER
00000016490AW5|1-205W-1694|00000016490AW5|US|US_151654|SIEBEL|OTHER|2005-11-18 00:00:00.000|In Production||||?|CardIQ Function Software Option for AW|||CITIZENS MEDICAL CENTER|CITIZENS MEDICAL CENTER
00000017477CO1|1-205W-1776|00000017477CO1|US|US_151654|SIEBEL|OTHER|2007-08-16 00:00:00.000|In Production||||?|VCT Cardiac MKE Software Collector with Rating Plate|||CITIZENS MEDICAL CENTER|CITIZENS MEDICAL CENTER
00000051218YP6|1-205W-1779|00000051218YP6|US|US_151654|SIEBEL|ULTRASOUND|2010-06-11 00:00:00.000|In Production||||?|C1-5-D|||CITIZENS MEDICAL CENTER|CITIZENS MEDICAL CENTER
00000051767YP2|1-205W-1697|00000051767YP2|US|US_151654|SIEBEL|ULTRASOUND|2010-06-11 00:00:00.000|In Production||||?|ML6-15-D|||CITIZENS MEDICAL CENTER|CITIZENS MEDICAL CENTER
00000083451HP5|1-205W-1777|00000083451HP5|US|US_151654|SIEBEL|OTHER|2007-08-15 00:00:00.000|In Production||||?|Auto Filter and Transfer SW Option|||CITIZENS MEDICAL CENTER|CITIZENS MEDICAL CENTER
00000086344HP9|1-205W-1698|00000086344HP9|US|US_151654|SIEBEL|OTHER|2007-08-15 00:00:00.000|In Production||||?|Neuro Filters SW Option|||CITIZENS MEDICAL CENTER|CITIZENS MEDICAL CENTER
00000095769WP6|1-205W-1775|00000095769WP6|US|US_151654|SIEBEL|ULTRASOUND|2010-06-11 00:00:00.000|In Production||||?|PROBE TYPE||||
00000121226HP5|1-205W-1780|00000121226HP5|US|US_151654|SIEBEL|OTHER|2008-06-21 00:00:00.000|In Production||||?|FMI 25409 Vessel labelling Mismatch|||CITIZENS MEDICAL CENTER|CITIZENS MEDICAL CENTER
00000130410HP4|1-205W-1778|00000130410HP4|US|US_151654|SIEBEL|OTHER|2008-09-19 00:00:00.000|In Production||||?|Service Pack 2.0 Collector for sw releases 07MW11.10||||
00000141651WX0|1-205W-1696|00000141651WX0|US|US_151654|SIEBEL|ULTRASOUND|2010-06-11 00:00:00.000|In Production||||?|IC5-9-D|||CITIZENS MEDICAL CENTER|CITIZENS MEDICAL CENTER
00000182811HP0|1-205W-4022|00000182811HP0|US|US_151654|SIEBEL|OTHER|2012-02-07 00:00:00.000|In Production||||?|FMI 80130: AW Reporting Tool User-editable Fields Appear in Wrong Report|||CITIZENS MEDICAL CENTER|CITIZENS MEDICAL CENTER
00000204086HP3|1-205W-1859|00000204086HP3|US|US_151654|SIEBEL|OTHER|2012-03-29 00:00:00.000|In Production||||?|FMI 10856 D8K and XR650 Patient Barrier Arm Safety Improvement Kit|||CITIZENS MEDICAL CENTER|CITIZENS MEDICAL CENTER
00000228521HP1|1-205W-3530|00000228521HP1|US|US_151654|SIEBEL|OTHER|2013-08-07 00:00:00.000|In Production||||?|FMI17088 Kit|||CITIZENS MEDICAL CENTER|CITIZENS MEDICAL CENTER
00000228524HP5|1-205N-6544|00000228524HP5|US|US_151654|SIEBEL|OTHER|2013-08-07 00:00:00.000|In Production||||?|FMI17088 Kit|||CITIZENS MEDICAL CENTER|CITIZENS MEDICAL CENTER
00000244790HP2|1-205W-3529|00000244790HP2|US|US_151654|SIEBEL|OTHER|2014-03-20 00:00:00.000|In Production||||?|R-FMI10889 LCD suspension Nut disengagement and scews missing|||CITIZENS MEDICAL CENTER|CITIZENS MEDICAL CENTER
0004157824|1-219T-3741||US|US_151654|SIEBEL|AW|2014-08-09 00:00:00.000|Ordered||||?|FLOATING LICENSE SERVER|||CITIZENS MEDICAL CENTER|CITIZENS MEDICAL CENTER
361572AW5|1-20FK-7546||US|US_151654|SIEBEL|AW|2008-12-03 00:00:00.000|In Production|0302701|ASSUREPOINT STANDARD|contractLineStatusActive|?|AW 4.4 NEW AND H/W UPG|2010-11-01 10:15:00.000|2020-10-31 05:00:00.000|CITIZENS MEDICAL CENTER|CITIZENS MEDICAL CENTER
361572AWC1|1-214I-9023||US|US_151654|SIEBEL|AW|2004-04-05 00:00:00.000|Retired|0302701|ASSUREPOINT STANDARD|contractLineStatusActive|?|AW 4.2P SW UPGRADE|2010-11-01 10:15:00.000|2020-10-31 05:00:00.000|CITIZENS MEDICAL CENTER|CITIZENS MEDICAL CENTER
361572CER|1-21BH-9842||US|US_151654|SIEBEL|GDXR-RAD|2003-05-30 00:00:00.000|In Production|0302701|ASSUREPOINT STANDARD|contractLineStatusActive|?|PROTEUS XR/A|2010-11-01 10:15:00.000|2020-10-31 05:00:00.000|CITIZENS MEDICAL CENTER|CITIZENS MEDICAL CENTER
361572CER|1-21BH-9842||US|US_151654|SIEBEL|GDXR-RAD|2003-05-30 00:00:00.000|In Production|0302691|ASSUREPOINT GLASSPRO|contractLineStatusActive|?|PROTEUS XR/A|2010-11-01 10:15:00.000|2020-10-31 05:00:00.000|CITIZENS MEDICAL CENTER|CITIZENS MEDICAL CENTER
361572CICD8K|1-20LI-2105||US|US_151654|SIEBEL|GDXR-RAD|2008-11-14 00:00:00.000|In Production|0302701|ASSUREPOINT RAPID|contractLineStatusActive|?|DEFINIUM 8000 WALLSTAND OTS|2010-11-01 10:15:00.000|2020-10-31 05:00:00.000|CITIZENS MEDICAL CENTER|CITIZENS MEDICAL CENTER
361572CICD8K|1-20LI-2105||US|US_151654|SIEBEL|GDXR-RAD|2008-11-14 00:00:00.000|In Production|0367363|ASSUREPOINT GLASSPRO|contractLineStatusActive|?|DEFINIUM 8000 WALLSTAND OTS|2014-03-01 10:15:00.000|2020-10-31 05:00:00.000|CITIZENS MEDICAL CENTER|CITIZENS MEDICAL CENTER
361572CICMR|1-20IF-6385||US|US_151654|SIEBEL|MR|2008-11-07 00:00:00.000|In Production|0302701|ASSUREPOINT RAPID|contractLineStatusActive|?|1-5T HDX ECHOSPEED 16 CHANNEL|2010-11-01 10:15:00.000|2020-10-31 05:00:00.000|CITIZENS MEDICAL CENTER|CITIZENS MEDICAL CENTER
361572CICMRCHLR|1-20IF-7312|CG10440059|US|US_151654|SIEBEL|MR|2008-08-12 00:00:00.000|In Production|0302701|ASSUREPOINT RAPID|contractLineStatusActive|?|AIRSYS 10KW MR CHILLER|2010-11-01 10:15:00.000|2020-10-31 05:00:00.000|CITIZENS MEDICAL CENTER|CITIZENS MEDICAL CENTER
361572CICT|1-20IX-762||US|US_151654|SIEBEL|CT|2008-11-14 00:00:00.000|In Production|0302701|ASSUREPOINT RAPID|contractLineStatusActive|?|VCT STD WSO|2010-11-01 10:15:00.000|2020-10-31 05:00:00.000|CITIZENS MEDICAL CENTER|CITIZENS MEDICAL CENTER
361572HDMRCHLRX|1-212R-591||US|US_151654|SIEBEL|MR|2007-11-27 00:00:00.000|Retired||||?|AIRSYS 10KW MR CHILLER|||CITIZENS MEDICAL CENTER|CITIZENS MEDICAL CENTER
361572L16|1-20GL-3274||US|US_151654|SIEBEL|CT|2006-02-24 00:00:00.000|In Production|0302701|ASSUREPOINT RAPID|contractLineStatusActive|?|LIGHTSPEED PRO 16|2010-11-01 10:15:00.000|2020-10-31 05:00:00.000|CITIZENS MEDICAL CENTER|CITIZENS MEDICAL CENTER
361572LXMR2CHLX|1-212R-592||US|US_151654|SIEBEL|MR|2002-12-06 00:00:00.000|Retired||||?|AIRSYS 10KW MR CHILLER|||CITIZENS MEDICAL CENTER|CITIZENS MEDICAL CENTER
361572MOBD8K|1-20MG-464||US|US_151654|SIEBEL|GDXR-RAD|2009-07-10 00:00:00.000|In Production|0302701|ASSUREPOINT RAPID|contractLineStatusActive|?|DEFINIUM 8000 WALLSTAND OTS|2010-11-01 10:15:00.000|2020-10-31 05:00:00.000|CITIZENS MEDICAL CENTER|CITIZENS MEDICAL CENTER
361572MOBD8K|1-20MG-464||US|US_151654|SIEBEL|GDXR-RAD|2009-07-10 00:00:00.000|In Production|0367363|ASSUREPOINT GLASSPRO|contractLineStatusActive|?|DEFINIUM 8000 WALLSTAND OTS|2014-03-01 10:15:00.000|2020-10-31 05:00:00.000|CITIZENS MEDICAL CENTER|CITIZENS MEDICAL CENTER
361572MR2|1-20JB-6615||US|US_151654|SIEBEL|MR|2007-11-27 00:00:00.000|In Production|0302701|ASSUREPOINT ADVANCE|contractLineStatusActive|?|1-5T LX TO 8 CHANNEL HDXT UPG|2010-11-01 10:15:00.000|2020-10-31 05:00:00.000|CITIZENS MEDICAL CENTER|CITIZENS MEDICAL CENTER
361572NM1|1-21C5-6822||US|US_151654|SIEBEL|NUCLEAR|2005-11-18 00:00:00.000|In Production|0302701|ASSUREPOINT STANDARD|contractLineStatusActive|?|INFINIA II 3/8 HAWKEYE|2010-11-01 10:15:00.000|2020-10-31 05:00:00.000|CITIZENS MEDICAL CENTER|CITIZENS MEDICAL CENTER
361572RF1|1-215E-7770||US|US_151654|SIEBEL|GDXR-R&F|2007-01-24 00:00:00.000|In Production|0302701|ASSUREPOINT STANDARD|contractLineStatusActive|?|P500 W/40 DIGITAL READY|2010-11-01 10:15:00.000|2020-10-31 05:00:00.000|CITIZENS MEDICAL CENTER|CITIZENS MEDICAL CENTER
361572RF1|1-215E-7770||US|US_151654|SIEBEL|GDXR-R&F|2007-01-24 00:00:00.000|In Production|0367363|ASSUREPOINT GLASSPRO|contractLineStatusActive|?|P500 W/40 DIGITAL READY|2014-03-01 10:15:00.000|2020-10-31 05:00:00.000|CITIZENS MEDICAL CENTER|CITIZENS MEDICAL CENTER
361572RF5|1-1ZZI-5508||US|US_151654|SIEBEL|GDXR-RAD|1998-01-01 00:00:00.000|In Production|0302701|ASSUREPOINT STANDARD|contractLineStatusActive|?|PHILIPS D76 PLUS|2010-11-01 10:15:00.000|2020-10-31 05:00:00.000|CITIZENS MEDICAL CENTER|CITIZENS MEDICAL CENTER
361572UL1|1-1ZZI-5509||US|US_151654|SIEBEL|ULTRASOUND|1999-01-01 00:00:00.000|In Production||||?|ATL HDI 5000|||CITIZENS MEDICAL CENTER|CITIZENS MEDICAL CENTER
361572UL2|1-1ZZI-5510||US|US_151654|SIEBEL|ULTRASOUND|1999-01-01 00:00:00.000|In Production||||?|ATL HDI 5000|||CITIZENS MEDICAL CENTER|CITIZENS MEDICAL CENTER
361572WS1|1-216F-3377||US|US_151654|SIEBEL|NUCLEAR|1999-01-01 00:00:00.000|In Production||||?|NM XELERIS DESK/LAPTOP 1.1|||CITIZENS MEDICAL CENTER|CITIZENS MEDICAL CENTER
361572XR220A|1-2HN2-42||US|US_151654|SIEBEL|GDXR-RAD|2014-11-03 00:00:00.000|In Production||||?|XR GOLDSEAL MOBILE OPTIMA 220|||CITIZENS MEDICAL CENTER|CITIZENS MEDICAL CENTER
361572XR220AFP|1-2EAQNDK9||US|US_151654|SIEBEL|GDXR-RAD|2015-11-01 00:00:00.000|In Production|0302701|ASSUREPOINT RESERVE|contractLineStatusActive|?|RAD URP DETECTOR KIT||||
361572XR220B|1-2HN2-55||US|US_151654|SIEBEL|GDXR-RAD|2014-11-03 00:00:00.000|In Production||||?|XR GOLDSEAL MOBILE OPTIMA 220|||CITIZENS MEDICAL CENTER|CITIZENS MEDICAL CENTER
361572XR220BFP|1-2EAQNDN5||US|US_151654|SIEBEL|GDXR-RAD|2015-11-01 00:00:00.000|In Production|0302701|ASSUREPOINT RESERVE|contractLineStatusActive|?|RAD URP DETECTOR KIT||||
361572XR220C|1-2HN2-60||US|US_151654|SIEBEL|GDXR-RAD|2014-11-07 00:00:00.000|In Production||||?|XR GOLDSEAL MOBILE OPTIMA 220|||CITIZENS MEDICAL CENTER|CITIZENS MEDICAL CENTER
361572XR220CFP|1-2EAQNDW7||US|US_151654|SIEBEL|GDXR-RAD|2015-11-01 00:00:00.000|In Production|0302701|ASSUREPOINT RESERVE|contractLineStatusActive|?|RAD URP DETECTOR KIT||||
361572XR656|1-20NV-9759||US|US_151654|SIEBEL|GDXR-RAD|2013-01-29 00:00:00.000|In Production||||?|DISC XR656 WALL STAND ONLY|||CITIZENS MEDICAL CENTER|CITIZENS MEDICAL CENTER
361572XR656D|1-212M-7674||US|US_151654|SIEBEL|GDXR-RAD|2013-01-28 00:00:00.000|In Production||||?|RAD URP DETECTOR KIT||||
361572XR656FP|1-2EAQNE15||US|US_151654|SIEBEL|GDXR-RAD|2015-02-01 00:00:00.000|In Production|0302701|ASSUREPOINT RESERVE|contractLineStatusActive|?|RAD URP DETECTOR KIT||||
361573IMEX1|1-1ZZI-5523||US|US_151654|SIEBEL|ULTRASOUND|1974-01-01 00:00:00.000|In Production||||?|ULTRASOUND UNSPECIFIED|||CITIZENS MEDICAL CENTER|CITIZENS MEDICAL CENTER
361573IMEX2|1-1ZZI-5524||US|US_151654|SIEBEL|ULTRASOUND|1974-01-01 00:00:00.000|In Production||||?|ULTRASOUND UNSPECIFIED|||CITIZENS MEDICAL CENTER|CITIZENS MEDICAL CENTER
361573VCT|1-212F-1109||US|US_151654|SIEBEL|CT|2005-10-10 00:00:00.000|In Production|0302701|ASSUREPOINT RAPID|contractLineStatusActive|?|VCT UPGRADE|2010-11-01 10:15:00.000|2020-10-31 05:00:00.000|CITIZENS MEDICAL CENTER|CITIZENS MEDICAL CENTER
361573VCTUPS|1-1ZZI-5525|EA141AXX08|US|US_151654|SIEBEL|A&S|2007-08-01 00:00:00.000|In Production||||?|POWERWARE UPS 14 KVA|||CITIZENS MEDICAL CENTER|CITIZENS MEDICAL CENTER
361594GXRAD|1-1ZZI-5527||US|US_151654|SIEBEL|GDXR-RAD|1999-01-01 00:00:00.000|In Production||||?|GENDEX RAD UNSPECIFIED|||CITIZENS MEDICAL CENTER|CITIZENS MEDICAL CENTER
512573C04|1-214D-7810||US|US_151654|SIEBEL|GDXR-R&F|1982-02-08 00:00:00.000|In Production||||?|RFX/SFX WITH MPX GENERATOR|||CITIZENS MEDICAL CENTER|CITIZENS MEDICAL CENTER
512573CTINJ2|1-1ZZI-7516||US|US_151654|SIEBEL|A&S|1974-01-01 00:00:00.000|In Production||||?|LIEBEL FLARSHEIM CT 9000|||CITIZENS MEDICAL CENTER|CITIZENS MEDICAL CENTER
512573HP5500|1-1ZZI-7517||US|US_151654|SIEBEL|ULTRASOUND|1974-01-01 00:00:00.000|In Production||||?|HP/AGILENT SONOS 5500 M2424|||CITIZENS MEDICAL CENTER|CITIZENS MEDICAL CENTER
512573MEDRAD1|1-1ZZI-7518|9459|US|US_151654|SIEBEL|A&S|1974-01-01 00:00:00.000|In Production||||?|MEDRAD MARK IV|||CITIZENS MEDICAL CENTER|CITIZENS MEDICAL CENTER
512573MEDRAD2|1-1ZZI-7519||US|US_151654|SIEBEL|A&S|1974-01-01 00:00:00.000|In Production||||?|MEDRAD MARK IV|||CITIZENS MEDICAL CENTER|CITIZENS MEDICAL CENTER
512573XRINJ1|1-1ZZI-7532|S/N 0992-4257|US|US_151654|SIEBEL|A&S|1974-01-01 00:00:00.000|In Production||||?|LIEBEL FLARSHEIM ANGIOMAT|||CITIZENS MEDICAL CENTER|CITIZENS MEDICAL CENTER
512578VI01|1-213U-2821||US|US_151654|SIEBEL|GDXR-R&F|1982-01-01 00:00:00.000|Retired||||?|R&F OPTIONS/UPGRADES|||CITIZENS MEDICAL CENTER|CITIZENS MEDICAL CENTER
82-2701|1-179Y-3|82-2701|US|US_151654|SIEBEL|SAVI-SURGERY|2013-11-04 00:00:00.000|In Production||||?|REFURB SYSTEM||||
AM1267BA13P|1-267BA13P||US|US_151654|SIEBEL|ULTRASOUND|2014-12-02 00:00:00.000|Ordered||||?|IMAGE VAULT SW UPGRADE|||CITIZENS MEDICAL CENTER|CITIZENS MEDICAL CENTER
DCOSDI400000088|1-1ZZC-8830||US|US_151654|SIEBEL|OTHER|2007-02-21 00:00:00.000|Retired||||?|Service Level Admin for DEFAULT FOR MA 11 (FOR SERVICE CONTRACTS ONLY)|||CITIZENS MEDICAL CENTER|CITIZENS MEDICAL CENTER
DCOSUS400000088|1-2179-8221||US|US_151654|SIEBEL|ULTRASOUND|2007-03-06 00:00:00.000|Retired||||?|ULT OTHER (MA36 DEFAULT) (FOR SERVICE CONTRACTS ONLY)|||CITIZENS MEDICAL CENTER|CITIZENS MEDICAL CENTER
DF+10065|1-217W-8335||US|US_151654|SIEBEL|BMD|1999-04-13 00:00:00.000|In Production||||?|PRODIGY P1/P2 SYSTEMS|||CITIZENS MEDICAL CENTER|CITIZENS MEDICAL CENTER
EPPC2613|1-208E-9300||US|US_151654|SIEBEL|ULTRASOUND|2007-01-16 00:00:00.000|On Standby|0302701|ASSUREPOINT STANDARD|contractLineStatusActive|?|ECHOPAC PC UPGRADE BT12|2010-11-01 10:15:00.000|2020-10-31 05:00:00.000|CITIZENS MEDICAL CENTER|CITIZENS MEDICAL CENTER
EPPC3091|1-208E-8914||US|US_151654|SIEBEL|ULTRASOUND|2007-10-06 00:00:00.000|Retired|0302701|ASSUREPOINT STANDARD|contractLineStatusActive|?|ECHOPAC PC UPGRADE BT12|2010-11-01 10:15:00.000|2020-10-31 05:00:00.000|CITIZENS MEDICAL CENTER|CITIZENS MEDICAL CENTER
EPSW1361A|1-208E-8536||US|US_151654|SIEBEL|ULTRASOUND|2007-10-06 00:00:00.000|In Production||||?|ECHOPAC SOFTWARE ONLY BT06|||CITIZENS MEDICAL CENTER|CITIZENS MEDICAL CENTER
EPSW22F0|1-21SQK5EW||US|US_151654|SIEBEL|ULTRASOUND|2014-12-03 00:00:00.000|In Production||||?|ECHOPAC SOFTWARE ONLY BT13|||CITIZENS MEDICAL CENTER|CITIZENS MEDICAL CENTER
EPSW361A|1-20FXXZOP||US|US_151654|SIEBEL|ULTRASOUND|2007-10-06 00:00:00.000|In Production||||?|ECHOPAC PC UPGRADE BT12|||CITIZENS MEDICAL CENTER|CITIZENS MEDICAL CENTER
EPSW3837|1-21SQ9CGF||US|US_151654|SIEBEL|ULTRASOUND|2014-12-03 00:00:00.000|In Production||||?|ECHOPAC SOFTWARE ONLY BT13|||CITIZENS MEDICAL CENTER|CITIZENS MEDICAL CENTER
EPSW4111|1-208E-8540||US|US_151654|SIEBEL|ULTRASOUND|2007-10-06 00:00:00.000|In Production||||?|ECHOPAC PC UPGRADE BT12|||CITIZENS MEDICAL CENTER|CITIZENS MEDICAL CENTER
EPSW6459|1-21SQ9COQ||US|US_151654|SIEBEL|ULTRASOUND|2014-12-03 00:00:00.000|In Production||||?|ECHOPAC SOFTWARE ONLY BT13|||CITIZENS MEDICAL CENTER|CITIZENS MEDICAL CENTER
EPSWA4B9|1-21SQK515||US|US_151654|SIEBEL|ULTRASOUND|2014-12-03 00:00:00.000|In Production||||?|ECHOPAC SOFTWARE ONLY BT13|||CITIZENS MEDICAL CENTER|CITIZENS MEDICAL CENTER
IV511461|1-20AM-2726||US|US_151654|SIEBEL|ULTRASOUND|2015-04-09 00:00:00.000|In Production|0302692|FULL SERVICE U/S IMAGE VAULT|contractLineStatusActive|?|IMAGE VAULT SERVER|2010-11-01 10:15:00.000|2020-10-31 10:15:00.000|CITIZENS MEDICAL CENTER|CITIZENS MEDICAL CENTER
K3806451|1-1ZZC-1175|S/N 502528|US|US_151654|SIEBEL|A&S|1974-01-01 00:00:00.000|In Production||||?|KODAK 112O WET LASER IMAGER|||CITIZENS MEDICAL CENTER|CITIZENS MEDICAL CENTER
K3882847|1-1ZZC-1177|3882847|US|US_151654|SIEBEL|A&S|1974-01-01 00:00:00.000|In Production||||?|NOT ON CURRENT KODAK LIST|||CITIZENS MEDICAL CENTER|CITIZENS MEDICAL CENTER
K3882848|1-1ZZC-1191|3882848|US|US_151654|SIEBEL|A&S|1974-01-01 00:00:00.000|In Production||||?|NOT ON CURRENT KODAK LIST|||CITIZENS MEDICAL CENTER|CITIZENS MEDICAL CENTER
K41634792|1-1ZZC-1375|41634792|US|US_151654|SIEBEL|A&S|1974-01-01 00:00:00.000|In Production||||?|KODAK 9410 PACS LINK|||CITIZENS MEDICAL CENTER|CITIZENS MEDICAL CENTER
LE9100187|1-2090-9320||US|US_151654|SIEBEL|ULTRASOUND|2010-06-15 00:00:00.000|In Production|0302701|ASSUREPOINT STANDARD|contractLineStatusActive|?|LOGIQ E9 BT10|2010-11-01 10:15:00.000|2020-10-31 05:00:00.000|CITIZENS MEDICAL CENTER|CITIZENS MEDICAL CENTER
LE9100213|1-2090-9548||US|US_151654|SIEBEL|ULTRASOUND|2010-06-15 00:00:00.000|In Production|0302701|ASSUREPOINT STANDARD|contractLineStatusActive|?|LOGIQ E9 BT10|2010-11-01 10:15:00.000|2020-10-31 05:00:00.000|CITIZENS MEDICAL CENTER|CITIZENS MEDICAL CENTER
LP5126529|1-209L-5443||US|US_151654|SIEBEL|ULTRASOUND|2010-05-19 00:00:00.000|In Production|0302701|ASSUREPOINT STANDARD|contractLineStatusActive|?|LOGIQ P5 PREMIUM BT09|2010-11-01 10:15:00.000|2020-10-31 05:00:00.000|CITIZENS MEDICAL CENTER|CITIZENS MEDICAL CENTER
M80171LS-89042196-1|1-2GIZV8W7||US|US_151654|SIEBEL|AW|2016-06-08 00:00:00.000|On Standby||||?|LICENSE SERVER|||CITIZENS MEDICAL CENTER|CITIZENS MEDICAL CENTER
M81511NB-64708459-1|1-4KBM-1||US|US_151654|SIEBEL|RAD SYSTEMS||Ordered||||?|UW AA VM Server|||CITIZENS MEDICAL CENTER|CITIZENS MEDICAL CENTER
M81571TW-89042191-1|1-4MCA-1810||US|US_151654|SIEBEL|RAD SYSTEMS|2016-06-24 00:00:00.000|Ordered||||?|UW AA VM SW Upgrade with contract|||CITIZENS MEDICAL CENTER|CITIZENS MEDICAL CENTER
OEC823255|1-UM6-7086|82-3255|US|US_151654|SIEBEL|SAVI-SURGERY|2004-12-29 00:00:00.000|In Production|0302701|ASSUREPOINT STANDARD|contractLineStatusActive|?|ATO MODEL||||
OEC823255|1-UM6-7086|82-3255|US|US_151654|SIEBEL|SAVI-SURGERY|2004-12-29 00:00:00.000|In Production|0302691|ASSUREPOINT GLASSPRO|contractLineStatusActive|?|ATO MODEL||||
OEC8S2278|1-UM9-1422|8S-2278|US|US_151654|SIEBEL|SAVI-SURGERY|2004-07-20 00:00:00.000|In Production|0302701|ASSUREPOINT STANDARD|contractLineStatusActive|?|ATO MODEL||||
OEC8S2278|1-UM9-1422|8S-2278|US|US_151654|SIEBEL|SAVI-SURGERY|2004-07-20 00:00:00.000|In Production|0302691|ASSUREPOINT GLASSPRO|contractLineStatusActive|?|ATO MODEL||||
OECES0854|1-ULZ-3942|ES-0854|US|US_151654|SIEBEL|SAVI-SURGERY|2009-03-16 00:00:00.000|In Production|0302701|ASSUREPOINT STANDARD|contractLineStatusActive|?|ATO MODEL||||
OECES0854|1-ULZ-3942|ES-0854|US|US_151654|SIEBEL|SAVI-SURGERY|2009-03-16 00:00:00.000|In Production|0302691|ASSUREPOINT GLASSPRO|contractLineStatusActive|?|ATO MODEL||||
OECP60509L|1-UM9-5151|P6-0509-L|US|US_151654|SIEBEL|SAVI-SURGERY|2004-09-04 00:00:00.000|In Production|0302701|ASSUREPOINT STANDARD|contractLineStatusActive|?|ATO ITEM||||
OECP60509L|1-UM9-5151|P6-0509-L|US|US_151654|SIEBEL|SAVI-SURGERY|2004-09-04 00:00:00.000|In Production|0302691|ASSUREPOINT GLASSPRO|contractLineStatusActive|?|ATO ITEM||||
S01-8001745-B|1-4OAZ-3766|S01-8001745-B|US|US_151654|SIEBEL|CVIS|2001-06-28 00:00:00.000|In Production||||?|"MONITOR 17"" CPD-G200"|||CITIZENS MEDICAL CENTER|CITIZENS MEDICAL CENTER
SMV00917|1-215P-6940||US|US_151654|SIEBEL|NUCLEAR|1997-01-01 00:00:00.000|Retired||||?|SMV DST-XL|||CITIZENS MEDICAL CENTER|CITIZENS MEDICAL CENTER
SMV00939|1-21C5-5740||US|US_151654|SIEBEL|NUCLEAR|2001-09-05 00:00:00.000|Retired||||?|SMV VISION MPX|||CITIZENS MEDICAL CENTER|CITIZENS MEDICAL CENTER
V77274|1-209C-827||US|US_151654|SIEBEL|ULTRASOUND|2006-11-27 00:00:00.000|In Production|0302701|ASSUREPOINT STANDARD|contractLineStatusActive|?|VIVID 7 BT06|2010-11-01 10:15:00.000|2020-10-31 05:00:00.000|CITIZENS MEDICAL CENTER|CITIZENS MEDICAL CENTER
V78837|1-209C-8467||US|US_151654|SIEBEL|ULTRASOUND|2007-10-06 00:00:00.000|In Production|0302701|ASSUREPOINT STANDARD|contractLineStatusActive|?|VIVID 7 BT06|2010-11-01 10:15:00.000|2020-10-31 05:00:00.000|CITIZENS MEDICAL CENTER|CITIZENS MEDICAL CENTER
V78840|1-209C-8615||US|US_151654|SIEBEL|ULTRASOUND|2007-10-06 00:00:00.000|In Production|0302701|ASSUREPOINT STANDARD|contractLineStatusActive|?|VIVID 7 BT06|2010-11-01 10:15:00.000|2020-10-31 05:00:00.000|CITIZENS MEDICAL CENTER|CITIZENS MEDICAL CENTER
V78933|1-209C-8989||US|US_151654|SIEBEL|ULTRASOUND|2007-10-06 00:00:00.000|In Production|0302701|ASSUREPOINT STANDARD|contractLineStatusActive|?|VIVID 7 BT06|2010-11-01 10:15:00.000|2020-10-31 05:00:00.000|CITIZENS MEDICAL CENTER|CITIZENS MEDICAL CENTER
VI1947|1-218R-579||US|US_151654|SIEBEL|ULTRASOUND|2006-12-21 00:00:00.000|In Production|0302701|ASSUREPOINT PERFORMANCE|contractLineStatusActive|?|VIVID I BT06|2010-11-01 10:15:00.000|2020-10-31 05:00:00.000|CITIZENS MEDICAL CENTER|CITIZENS MEDICAL CENTER
VI1947TEE|1-217U-8119||US|US_151654|SIEBEL|ULTRASOUND|2006-11-01 00:00:00.000|In Production|0302701|ASSUREPOINT STANDARD|contractLineStatusActive|?|GE ULTRASOUND TEE PROBE|2010-11-01 10:15:00.000|2020-10-31 05:00:00.000|CITIZENS MEDICAL CENTER|CITIZENS MEDICAL CENTER
00000141792GE2|1-205Q-7484|00000141792GE2|US|US_203482|SIEBEL|OTHER|2008-11-25 00:00:00.000|In Production||||?|Reporting Tool|||LOVELACE WESTSIDE HOSPITAL|LOVELACE WESTSIDE HOSPITAL
00000142168GE4|1-205Q-7399|00000142168GE4|US|US_203482|SIEBEL|OTHER|2008-11-25 00:00:00.000|In Production||||?|AutoBone Xpress|||LOVELACE WESTSIDE HOSPITAL|LOVELACE WESTSIDE HOSPITAL
00000142397GE9|1-205Q-7564|00000142397GE9|US|US_203482|SIEBEL|OTHER|2008-11-25 00:00:00.000|In Production||||?|AW VolumeShare 2 - SW|||LOVELACE WESTSIDE HOSPITAL|LOVELACE WESTSIDE HOSPITAL
00000142420GE9|1-205Q-7401|00000142420GE9|US|US_203482|SIEBEL|OTHER|2008-11-25 00:00:00.000|In Production||||?|AW SW Appls refresh - DVD 1 - CT + Fusion Appls|||LOVELACE WESTSIDE HOSPITAL|LOVELACE WESTSIDE HOSPITAL
00000142429GE0|1-205Q-7400|00000142429GE0|US|US_203482|SIEBEL|OTHER|2008-11-25 00:00:00.000|In Production||||?|AW SW Appls refresh - DVD 2 - MR Appls|||LOVELACE WESTSIDE HOSPITAL|LOVELACE WESTSIDE HOSPITAL
00000142448GE0|1-205Q-7480|00000142448GE0|US|US_203482|SIEBEL|OTHER|2008-11-25 00:00:00.000|In Production||||?|AW SW Appls refresh - DVD 3 - Xray Appls|||LOVELACE WESTSIDE HOSPITAL|LOVELACE WESTSIDE HOSPITAL
00000142462GE1|1-205Q-7481|00000142462GE1|US|US_203482|SIEBEL|OTHER|2008-11-25 00:00:00.000|In Production||||?|AW SW Appls refresh - DVD 4 - PET + Networking Appls|||LOVELACE WESTSIDE HOSPITAL|LOVELACE WESTSIDE HOSPITAL
00000142476GE1|1-205Q-7482|00000142476GE1|US|US_203482|SIEBEL|OTHER|2008-11-25 00:00:00.000|In Production||||?|Volume Viewer Apps|||LOVELACE WESTSIDE HOSPITAL|LOVELACE WESTSIDE HOSPITAL
00000142669GE1|1-205Q-7483|00000142669GE1|US|US_203482|SIEBEL|OTHER|2008-11-25 00:00:00.000|In Production||||?|Volume Viewer Apps|||LOVELACE WESTSIDE HOSPITAL|LOVELACE WESTSIDE HOSPITAL
00000142896GE0|1-205Q-9558|00000142896GE0|US|US_203482|SIEBEL|OTHER|2008-11-25 00:00:00.000|In Production||||?|VesselIQ Xpress|||LOVELACE WESTSIDE HOSPITAL|LOVELACE WESTSIDE HOSPITAL
00000142916GE6|1-205Q-7563|00000142916GE6|US|US_203482|SIEBEL|OTHER|2008-11-25 00:00:00.000|In Production||||?|Reporting Tool|||LOVELACE WESTSIDE HOSPITAL|LOVELACE WESTSIDE HOSPITAL
00000142940GE6|1-205Q-7565|00000142940GE6|US|US_203482|SIEBEL|OTHER|2008-11-25 00:00:00.000|In Production||||?|AW VolumeShare 2 - SW|||LOVELACE WESTSIDE HOSPITAL|LOVELACE WESTSIDE HOSPITAL
00000198352HM7|1-205Q-9557|00000198352HM7|US|US_203482|SIEBEL|OTHER|2008-11-25 00:00:00.000|In Production||||?|LCC HDHOLD||||
00000238247HP1|1-205Q-7566|00000238247HP1|US|US_203482|SIEBEL|OTHER|2014-01-09 00:00:00.000|In Production||||?|FMI17091 Definium 5000 V4 Application software and firmware for 6400 and Z400 PC|||LOVELACE WESTSIDE HOSPITAL|LOVELACE WESTSIDE HOSPITAL
505262MRIJ|1-1ZZI-4098|2168|US|US_203482|SIEBEL|A&S|2004-12-27 00:00:00.000|In Production|1-180367960240|HPG FULL COVERAGE GROUP SIP|contractLineStatusActive|?|MEDRAD SPECTRIS SOLARIS|2015-11-01 16:17:08.000|2020-12-31 06:00:00.000|LOVELACE WESTSIDE HOSPITAL|LOVELACE WESTSIDE HOSPITAL
505727AWLW|1-20FK-1752||US|US_203482|SIEBEL|AW|2008-12-08 00:00:00.000|In Production|1-180367960240|HPG FULL COVERAGE GROUP SIP|contractLineStatusActive|?|AW 4.4 NEW AND H/W UPG|2015-11-01 16:17:08.000|2020-12-31 06:00:00.000|LOVELACE WESTSIDE HOSPITAL|LOVELACE WESTSIDE HOSPITAL
505727DRX1|1-1ZZI-6055||US|US_203482|SIEBEL|OTHER|2012-08-10 00:00:00.000|In Production||||?|DRX-1 CONSOLE AND ONE DETECTOR|||LOVELACE WESTSIDE HOSPITAL|LOVELACE WESTSIDE HOSPITAL
505727MR|1-20I6-6752||US|US_203482|SIEBEL|MR|2009-02-13 00:00:00.000|In Production|1-180367960240|HPG FULL COVERAGE GROUP SIP|contractLineStatusActive|?|1-5T VALUE HDE 8 CHANNEL|2015-11-01 16:17:08.000|2020-12-31 06:00:00.000|LOVELACE WESTSIDE HOSPITAL|LOVELACE WESTSIDE HOSPITAL
505727MRCH1|1-20I6-4913||US|US_203482|SIEBEL|MR|2009-01-23 00:00:00.000|In Production||||?|AIRSYS 10KW MR CHILLER|||LOVELACE WESTSIDE HOSPITAL|LOVELACE WESTSIDE HOSPITAL
505727RM2|1-213X-7484||US|US_203482|SIEBEL|GDXR-R&F|2003-07-25 00:00:00.000|In Production|1-180367960240|HPG FULL COVERAGE GROUP SIP|contractLineStatusActive|?|LEGACY DIGITAL 22/32 II|2015-11-01 16:17:08.000|2020-12-31 06:00:00.000|LOVELACE WESTSIDE HOSPITAL|LOVELACE WESTSIDE HOSPITAL
505727VCT|1-211A-4382||US|US_203482|SIEBEL|CT|2008-12-02 00:00:00.000|In Production|1-180367960240|HPG FULL COVERAGE GROUP SIP|contractLineStatusActive|?|VCT STD WSO|2015-11-01 16:17:08.000|2020-12-31 06:00:00.000|LOVELACE WESTSIDE HOSPITAL|LOVELACE WESTSIDE HOSPITAL
505893AMX41|1-2143-1189||US|US_203482|SIEBEL|GDXR-RAD|2003-06-04 00:00:00.000|In Production|1-180367960240|HPG FULL COVERAGE GROUP SIP|contractLineStatusActive|?|AMX 4 PLUS|2015-11-01 16:17:08.000|2020-12-31 06:00:00.000|LOVELACE WESTSIDE HOSPITAL|LOVELACE WESTSIDE HOSPITAL
505893BONE|1-1ZZI-6025||US|US_203482|SIEBEL|BMD|2008-12-15 00:00:00.000|In Production|1-180367960240|HPG FULL COVERAGE GROUP SIP|contractLineStatusActive|?|HO BON DEN DISCOVER(C||||
505893D5000|1-20I8-5618||US|US_203482|SIEBEL|GDXR-RAD|2008-11-21 00:00:00.000|In Production|1-180367960240|HPG FULL COVERAGE GROUP SIP|contractLineStatusActive|?|DEFINIUM 5000|2015-11-01 16:17:08.000|2020-12-31 06:00:00.000|LOVELACE WESTSIDE HOSPITAL|LOVELACE WESTSIDE HOSPITAL
505893D8000|1-20NK-2000||US|US_203482|SIEBEL|GDXR-RAD|2008-12-29 00:00:00.000|In Production|1-180367960240|HPG FULL COVERAGE GROUP SIP|contractLineStatusActive|?|DEFINIUM 8000 2 DETECTOR|2015-11-01 16:17:08.000|2020-12-31 06:00:00.000|LOVELACE WESTSIDE HOSPITAL|LOVELACE WESTSIDE HOSPITAL
505893DMAX|1-1ZZI-6026|CL3233|US|US_203482|SIEBEL|GDXR-RAD|2008-12-15 00:00:00.000|In Production|1-180367960240|HPG FULL COVERAGE GROUP SIP|contractLineStatusActive|?|HOLOGIC DIGITAL NOW DMAX CAD|2015-11-01 16:17:08.000|2020-12-31 06:00:00.000|LOVELACE WESTSIDE HOSPITAL|LOVELACE WESTSIDE HOSPITAL
505893KLP|1-1ZZI-6027|0792-0689|US|US_203482|SIEBEL|A&S|2008-12-15 00:00:00.000|In Production|1-180367960240|HPG FULL COVERAGE GROUP SIP|contractLineStatusActive|?|KONICA DRYPRO 793 LASER IMAGER|2015-11-01 16:17:08.000|2020-12-31 06:00:00.000|LOVELACE WESTSIDE HOSPITAL|LOVELACE WESTSIDE HOSPITAL
505893LRS1|1-1ZZI-6028|28009089091RM|US|US_203482|SIEBEL|GDXR MAMMO|2008-12-15 00:00:00.000|In Production|1-180367960240|HPG FULL COVERAGE GROUP SIP|contractLineStatusActive|?|HOLOGIC SELENIA|2015-11-01 16:17:08.000|2020-12-31 06:00:00.000|LOVELACE WESTSIDE HOSPITAL|LOVELACE WESTSIDE HOSPITAL
505893P33|1-1ZZI-6042||US|US_203482|SIEBEL|ULTRASOUND|2005-08-16 00:00:00.000|In Production|1-180367960240|HPG FULL COVERAGE GROUP SIP|contractLineStatusActive|?|PHILIPS IE33|2015-11-01 16:17:08.000|2020-12-31 06:00:00.000|LOVELACE WESTSIDE HOSPITAL|LOVELACE WESTSIDE HOSPITAL
505893PROT|1-20K0-9038||US|US_203482|SIEBEL|GDXR-RAD|2009-02-13 00:00:00.000|In Production|1-180367960240|HPG FULL COVERAGE GROUP SIP|contractLineStatusActive|?|PROTEUS XR/A|2015-11-01 16:17:08.000|2020-12-31 06:00:00.000|LOVELACE WESTSIDE HOSPITAL|LOVELACE WESTSIDE HOSPITAL
505893R2|1-1ZZI-6043|C0534|US|US_203482|SIEBEL|GDXR-RAD|2008-12-15 00:00:00.000|In Production|1-180367960240|HPG FULL COVERAGE GROUP SIP|contractLineStatusActive|?|HOLOGIC R2 DIGITAL CAD|2015-11-01 16:17:08.000|2020-12-31 06:00:00.000|LOVELACE WESTSIDE HOSPITAL|LOVELACE WESTSIDE HOSPITAL
505893VCTIJ|1-1ZZI-6045|31114|US|US_203482|SIEBEL|A&S|2008-11-30 00:00:00.000|In Production|1-180367960240|HPG FULL COVERAGE GROUP SIP|contractLineStatusActive|?|MEDRAD STELLANT D|2015-11-01 16:17:08.000|2020-12-31 06:00:00.000|LOVELACE WESTSIDE HOSPITAL|LOVELACE WESTSIDE HOSPITAL
505983FS|1-1ZZI-6081||US|US_203482|SIEBEL|GDXR-RAD|2007-09-30 00:00:00.000|In Production|1-180367960240|HPG FULL COVERAGE GROUP SIP|contractLineStatusActive|?|HOLOGIC INSIGHT MINI|2015-11-01 16:17:08.000|2020-12-31 06:00:00.000|LOVELACE WESTSIDE HOSPITAL|LOVELACE WESTSIDE HOSPITAL
505983TEE|1-1ZZI-6131||US|US_203482|SIEBEL|ULTRASOUND|2005-08-15 00:00:00.000|In Production|1-180367960240|HPG FULL COVERAGE GROUP SIP|contractLineStatusActive|?|PHILIPS 2D TEE PROBE|2015-11-01 16:17:08.000|2020-12-31 06:00:00.000|LOVELACE WESTSIDE HOSPITAL|LOVELACE WESTSIDE HOSPITAL
AM1265F268I|1-265F268I||US|US_203482|SIEBEL|ULTRASOUND|2015-03-26 00:00:00.000|Retired||||?|ULTRASOUND OPTIONS/UPGRADES|||LOVELACE WESTSIDE HOSPITAL|LOVELACE WESTSIDE HOSPITAL
BIO591395|1-1ZZC-48||US|US_203482|SIEBEL|NON-CLINICAL|2001-01-01 00:00:00.000|In Production|0369857|BIOMEDICAL SERVICE OFFERING|contractLineStatusActive|?|MV BIOMEDICAL COMPETITORS OTHER (FOR SERVICE CONTRACTS ONLY)|2014-05-01 10:15:00.000|2016-04-30 05:00:00.000|LOVELACE WESTSIDE HOSPITAL|LOVELACE WESTSIDE HOSPITAL
BIO591395|1-1ZZC-48||US|US_203482|SIEBEL|NON-CLINICAL|2001-01-01 00:00:00.000|In Production|1-180367960240|BIOMEDICAL SERVICE OFFERING|contractLineStatusActive|?|MV BIOMEDICAL COMPETITORS OTHER (FOR SERVICE CONTRACTS ONLY)|2015-11-01 16:17:08.000|2020-12-31 06:00:00.000|LOVELACE WESTSIDE HOSPITAL|LOVELACE WESTSIDE HOSPITAL
L976299|1-21B7-2010||US|US_203482|SIEBEL|ULTRASOUND|2005-01-05 00:00:00.000|In Production|1-180367960240|HPG FULL COVERAGE GROUP SIP|contractLineStatusActive|?|L9 BT07 CRT|2015-11-01 16:17:08.000|2020-12-31 06:00:00.000|LOVELACE WESTSIDE HOSPITAL|LOVELACE WESTSIDE HOSPITAL
LB09189|1-211T-6822||US|US_203482|SIEBEL|ULTRASOUND|2003-08-13 00:00:00.000|In Production|1-180367960240|HPG PM ONLY GROUP SIP|contractLineStatusActive|?|LOGIQBOOK COLOUR|2015-11-01 16:17:08.000|2020-12-31 06:00:00.000|LOVELACE WESTSIDE HOSPITAL|LOVELACE WESTSIDE HOSPITAL
LE9133511|1-2L9A-280||US|US_203482|SIEBEL|ULTRASOUND|2014-12-08 00:00:00.000|In Production||||?|LOGIQ E9 R5|||LOVELACE WESTSIDE HOSPITAL|LOVELACE WESTSIDE HOSPITAL
LE9134340|1-21RD31SP||US|US_2034822|SIEBEL|ULTRASOUND|2014-12-13 00:00:00.000|In Production|0367795|ASSUREPOINT STANDARD|contractLineStatusActive|?|LOGIQ E9 R5|2013-12-20 10:15:00.000|2018-12-19 10:15:00.000|ST FRANCIS MEDICAL CENTER|ST FRANCIS MEDICAL CENTER
LE9134341|1-21RB2FQB||US|US_2034822|SIEBEL|ULTRASOUND|2014-12-13 00:00:00.000|In Production|0367795|ASSUREPOINT STANDARD|contractLineStatusActive|?|LOGIQ E9 R5|2013-12-20 10:15:00.000|2018-12-19 10:15:00.000|ST FRANCIS MEDICAL CENTER|ST FRANCIS MEDICAL CENTER
LE9134342|1-21RCPBCM||US|US_2034822|SIEBEL|ULTRASOUND|2014-12-13 00:00:00.000|In Production|0367795|ASSUREPOINT STANDARD|contractLineStatusActive|?|LOGIQ E9 R5|2013-12-20 10:15:00.000|2018-12-19 10:15:00.000|ST FRANCIS MEDICAL CENTER|ST FRANCIS MEDICAL CENTER
LP5127917|1-209L-413||US|US_203482|SIEBEL|ULTRASOUND|2010-09-23 00:00:00.000|In Production|1-180367960240|HPG FULL COVERAGE GROUP SIP|contractLineStatusActive|?|LOGIQ P5 PRO BT09|2015-11-01 16:17:08.000|2020-12-31 06:00:00.000|LOVELACE WESTSIDE HOSPITAL|LOVELACE WESTSIDE HOSPITAL
OEC692178|1-UM6-5619|69-2178|US|US_203482|SIEBEL|SAVI-SURGERY|1999-10-18 00:00:00.000|In Production|1-180367960240|HPG PM ONLY GROUP SIP|contractLineStatusActive|?|ASM  C-ARM  MODEL 9600 PLUS  9 INCH|2015-11-01 16:17:08.000|2020-12-31 06:00:00.000|LOVELACE WESTSIDE HOSPITAL|LOVELACE WESTSIDE HOSPITAL
OEC82-2748|1-UM6-4601|82-2748|US|US_203482|SIEBEL|SAVI-SURGERY|2004-01-26 00:00:00.000|In Production||||?|ATO MODEL||||
OEC823211|1-UM6-4770|82-3211|US|US_203482|SIEBEL|SAVI-SURGERY|2004-11-23 00:00:00.000|In Production|1-180367960240|HPG FULL COVERAGE GROUP SIP|contractLineStatusActive|?|ATO MODEL||||
OEC891956|1-UM9-2974|89-1956|US|US_203482|SIEBEL|SAVI-SURGERY|2003-04-23 00:00:00.000|In Production|1-180367960240|HPG FULL COVERAGE GROUP SIP|contractLineStatusActive|?|ATO MODEL||||
TRO21945014|1-2OZN-878||US|US_2034822|SIEBEL|ULTRASOUND|2014-12-18 00:00:00.000|In Production|0367795|ASSUREPOINT STANDARD|contractLineStatusActive|?|ULTRASOUND TROPHON|2013-12-20 10:15:00.000|2018-12-19 10:15:00.000|ST FRANCIS MEDICAL CENTER|ST FRANCIS MEDICAL CENTER
VEN282081|1-20AZ-4911||US|US_203482|SIEBEL|ULTRASOUND|2013-03-08 00:00:00.000|In Production||||?|VENUE 40 BT12|||LOVELACE WESTSIDE HOSPITAL|LOVELACE WESTSIDE HOSPITAL
VEN50452452|1-2B7POSCJ||US|US_203482|SIEBEL|ULTRASOUND|2015-11-12 00:00:00.000|In Production||||?|VENUE 50|||LOVELACE WESTSIDE HOSPITAL|LOVELACE WESTSIDE HOSPITAL
505983TMR|1-20IN-8124||US|US_847941|SIEBEL|MR|2003-08-25 00:00:00.000|In Production|0363654|ASSUREPOINT RAPID|contractLineStatusActive|?|1.5T HD TO 16CH HD23 UPGRADE|2014-01-01 10:15:00.000|2021-12-31 06:00:00.000|XRAY ASSOCIATES AT SANTA FE|XRAY ASSOCIATES AT SANTA FE
ACI40655|1-217W-8683||US|US_847941|SIEBEL|BMD|2003-12-29 00:00:00.000|In Production||||?|ACHILLES INSIGHT|||XRAY ASSOCIATES AT SANTA FE|XRAY ASSOCIATES AT SANTA FE
AM12DRX10|1-2DRX-10||US|US_847941|SIEBEL|MR|2014-09-19 00:00:00.000|In Production||||?|1.5T 8CH TR KNEE COIL|||XRAY ASSOCIATES AT SANTA FE|XRAY ASSOCIATES AT SANTA FE
L984594|1-217U-6253||US|US_847941|SIEBEL|ULTRASOUND|2008-01-03 00:00:00.000|In Production||||?|LOGIQ 9 PREOWNED|||XRAY ASSOCIATES AT SANTA FE|XRAY ASSOCIATES AT SANTA FE
PA+41094|1-217W-3197||US|US_847941|SIEBEL|BMD|2004-01-27 00:00:00.000|In Production|0363664|ASSUREPOINT STANDARD|contractLineStatusActive|?|PRODIGY ADVANCE FULL SIZE|2014-01-01 10:15:00.000|2021-12-31 10:15:00.000|XRAY ASSOCIATES AT SANTA FE|XRAY ASSOCIATES AT SANTA FE
00000000092216|1-205E-9628|00000000092216|US|US_291796|SIEBEL|OTHER|2014-01-22 00:00:00.000|In Production||||?|ASSY||||
000000080261GA|1-205E-9627|000000080261GA|US|US_291796|SIEBEL|BMD|2014-01-22 00:00:00.000|In Production||||?|ASSY||||
00000085292US1|1-205E-9629|00000085292US1|US|US_291796|SIEBEL|OTHER|2007-12-27 00:00:00.000|In Production||||?|L9 120-120 BT05|||XRAY ASSOCIATES OF NEW MEXICO PC|XRAY ASSOCIATES OF NEW MEXICO PC
00000101965486|1-205E-9626|00000101965486|US|US_291796|SIEBEL|OTHER|2014-01-22 00:00:00.000|In Production||||?|POWER SUPPLY||||
00000225443HP1|1-205N-7515|00000225443HP1|US|US_291796|SIEBEL|OTHER|2013-08-06 00:00:00.000|In Production||||?|R-FMI10879 P500D CRT Monitor Suspension Supporting Hardware|||XRAY ASSOCIATES OF NEW MEXICO PC|XRAY ASSOCIATES OF NEW MEXICO PC
00ROB0008LU124|1-205E-9550|00ROB0008LU124|US|US_291796|SIEBEL|BMD|2014-01-22 00:00:00.000|In Production||||?|CCA||||
505980MR|1-20KP-8716||US|US_291796|SIEBEL|MR|2004-11-18 00:00:00.000|In Production|0363654|ASSUREPOINT STANDARD|contractLineStatusActive|?|1-5T EXCITE TO HDXT UPGRADE|2014-01-01 10:15:00.000|2021-12-31 06:00:00.000|XRAY ASSOCIATES OF NEW MEXICO PC|XRAY ASSOCIATES OF NEW MEXICO PC
505980MRCH1|1-212R-3351|18564|US|US_291796|SIEBEL|MR|2002-11-01 00:00:00.000|In Production|0363654|ASSUREPOINT STANDARD|contractLineStatusActive|?|EWI MR CHILLER|2014-01-01 10:15:00.000|2021-12-31 06:00:00.000|XRAY ASSOCIATES OF NEW MEXICO PC|XRAY ASSOCIATES OF NEW MEXICO PC
505980MRUPS|1-1ZZI-6046||US|US_291796|SIEBEL|A&S|2004-11-18 00:00:00.000|In Production||||?|GE DIGITAL ENERGY UPS 100 KVA|||XRAY ASSOCIATES OF NEW MEXICO PC|XRAY ASSOCIATES OF NEW MEXICO PC
505983TMRCH1|1-2127-1966|18939|US|US_291796|SIEBEL|MR|2003-07-01 00:00:00.000|In Production|0363654|ASSUREPOINT STANDARD|contractLineStatusActive|?|EWI MR CHILLER|2014-01-01 10:15:00.000|2021-12-31 06:00:00.000|XRAY ASSOCIATES OF NEW MEXICO PC|XRAY ASSOCIATES OF NEW MEXICO PC
505983TMRUPS|1-1ZZI-6132||US|US_291796|SIEBEL|A&S|2003-08-25 00:00:00.000|In Production||||?|GE DIGITAL ENERGY UPS 100 KVA|||XRAY ASSOCIATES OF NEW MEXICO PC|XRAY ASSOCIATES OF NEW MEXICO PC
505998D710UPS|1-2D387DZQ||US|US_291796|SIEBEL|A&S|2016-02-22 00:00:00.000|Ordered||||?|POWERWARE UPS 14 KVA|||XRAY ASSOCIATES OF NEW MEXICO PC|XRAY ASSOCIATES OF NEW MEXICO PC
505998MR|1-20GD-6859||US|US_291796|SIEBEL|MR|2015-03-31 00:00:00.000|In Production|0363654|ASSUREPOINT RAPID|contractLineStatusActive|?|1.5T EXCITE TO 16CH HD23 UPGRADE|2014-01-01 10:15:00.000|2021-12-31 06:00:00.000|XRAY ASSOCIATES OF NEW MEXICO PC|XRAY ASSOCIATES OF NEW MEXICO PC
505998MRCH1|1-2127-9132|CG10130094|US|US_291796|SIEBEL|MR|2003-12-19 00:00:00.000|In Production|0363654|ASSUREPOINT STANDARD|contractLineStatusActive|?|AIRSYS 10KW MR CHILLER|2014-01-01 10:15:00.000|2021-12-31 06:00:00.000|XRAY ASSOCIATES OF NEW MEXICO PC|XRAY ASSOCIATES OF NEW MEXICO PC
505998MRCH2|1-2127-9131|C1030015|US|US_291796|SIEBEL|MR|2003-12-19 00:00:00.000|In Production|0363654|ASSUREPOINT STANDARD|contractLineStatusActive|?|AIRSYS 10KW MR CHILLER|2014-01-01 10:15:00.000|2021-12-31 06:00:00.000|XRAY ASSOCIATES OF NEW MEXICO PC|XRAY ASSOCIATES OF NEW MEXICO PC
505998P500|1-21A5-9284||US|US_291796|SIEBEL|GDXR-R&F|2005-12-19 00:00:00.000|In Production|0363654|ASSUREPOINT STANDARD|contractLineStatusActive|?|XR GOLDSEAL PREC R&F DIGITAL|2014-01-01 10:15:00.000|2021-12-31 06:00:00.000|XRAY ASSOCIATES OF NEW MEXICO PC|XRAY ASSOCIATES OF NEW MEXICO PC
505XRANMSFBRIVO|1-20F9-4030||US|US_291796|SIEBEL|GDXR-RAD|2012-05-31 00:00:00.000|In Production|0363654|ASSUREPOINT LIMITED|contractLineStatusActive|?|VALUE ANALOG MOBILE|2014-01-01 10:15:00.000|2021-12-31 06:00:00.000|XRAY ASSOCIATES OF NEW MEXICO PC|XRAY ASSOCIATES OF NEW MEXICO PC
AM126DY4I2B|1-26DY4I2B||US|US_291796|SIEBEL|MR|2015-03-03 00:00:00.000|Retired||||?|1.5T EXCITE TO 16CH HD23 UPGRADE|||XRAY ASSOCIATES OF NEW MEXICO PC|XRAY ASSOCIATES OF NEW MEXICO PC
AM13DZ278|1-3DZ2-78||US|US_291796|SIEBEL|MR|2015-06-27 00:00:00.000|Ordered||||?|1.5T HD BREAST ARRAY|||XRAY ASSOCIATES OF NEW MEXICO PC|XRAY ASSOCIATES OF NEW MEXICO PC
AM13IF22|1-3IF2-2||US|US_291796|SIEBEL|GDXR-R&F|2015-08-11 00:00:00.000|Ordered||||?|DOSE MEASUREMENT|||XRAY ASSOCIATES OF NEW MEXICO PC|XRAY ASSOCIATES OF NEW MEXICO PC
AM14737317_DUP|1-4737-317||US|US_291796|SIEBEL|PET|2016-02-27 00:00:00.000|Retired||||?|DISCOVERY PET 710 64SL STANDARD|||XRAY ASSOCIATES OF NEW MEXICO PC|XRAY ASSOCIATES OF NEW MEXICO PC
B7868WL-87385493-1|1-2D5KO88G||US|US_291796|SIEBEL|CT|2016-02-25 00:00:00.000|On Standby||||?|SMARTSTEP SW KEY||||
B8418JZ-80058394-1|1-28H3C3RJ||US|US_291796|SIEBEL|GDXR-R&F|2015-08-06 00:00:00.000|On Standby||||?|DOSE MEASUREMENT|||XRAY ASSOCIATES OF NEW MEXICO PC|XRAY ASSOCIATES OF NEW MEXICO PC
DF+351731|1-2082-8153||US|US_291796|SIEBEL|BMD|2014-02-04 00:00:00.000|In Production|0363647|ASSUREPOINT STANDARD|contractLineStatusActive|?|PRODIGY FULL ORACLE|2014-01-01 10:15:00.000|2021-12-31 10:15:00.000|XRAY ASSOCIATES OF NEW MEXICO PC|XRAY ASSOCIATES OF NEW MEXICO PC
E4502F-87385502-1|1-2DD3MXJD||US|US_291796|SIEBEL|OTHER|2016-03-01 00:00:00.000|On Standby||||?|VCT 14KVA UPS|||XRAY ASSOCIATES OF NEW MEXICO PC|XRAY ASSOCIATES OF NEW MEXICO PC
LE9108965|1-209E-3046||US|US_291796|SIEBEL|ULTRASOUND|2011-12-08 00:00:00.000|In Production|0363663|ASSUREPOINT PERFORMANCE|contractLineStatusActive|?|LOGIQ E9 BT11 LOYALTY PACKAGE|2014-01-01 10:15:00.000|2021-12-31 10:15:00.000|XRAY ASSOCIATES OF NEW MEXICO PC|XRAY ASSOCIATES OF NEW MEXICO PC
LE9122025|1-20AG-3728||US|US_291796|SIEBEL|ULTRASOUND|2013-11-22 00:00:00.000|In Production|0363647|ASSUREPOINT PERFORMANCE|contractLineStatusActive|?|LOGIQ E9 R4 BT13|2014-01-01 10:15:00.000|2021-12-31 10:15:00.000|XRAY ASSOCIATES OF NEW MEXICO PC|XRAY ASSOCIATES OF NEW MEXICO PC
LE9122026|1-20AG-2959||US|US_291796|SIEBEL|ULTRASOUND|2013-11-22 00:00:00.000|In Production|0363647|ASSUREPOINT PERFORMANCE|contractLineStatusActive|?|LOGIQ E9 R4 BT13|2014-01-01 10:15:00.000|2021-12-31 10:15:00.000|XRAY ASSOCIATES OF NEW MEXICO PC|XRAY ASSOCIATES OF NEW MEXICO PC
LE9R136451|1-27JZ82FA||US|US_291796|SIEBEL|ULTRASOUND|2015-07-07 00:00:00.000|In Production|0363663|ASSUREPOINT PERFORMANCE|contractLineStatusActive|?|LOGIQ E9 R5|2014-01-01 10:15:00.000|2021-12-31 10:15:00.000|XRAY ASSOCIATES OF NEW MEXICO PC|XRAY ASSOCIATES OF NEW MEXICO PC
P5051LF-87385483-1|1-2D5KLFEK||US|US_291796|SIEBEL|PET|2016-02-25 00:00:00.000|On Standby||||?|RAD RX|||XRAY ASSOCIATES OF NEW MEXICO PC|XRAY ASSOCIATES OF NEW MEXICO PC
P5051SK-87385484-1|1-2D5KKLF8||US|US_291796|SIEBEL|PET|2016-02-25 00:00:00.000|On Standby||||?|SHARPIR|||XRAY ASSOCIATES OF NEW MEXICO PC|XRAY ASSOCIATES OF NEW MEXICO PC
P5051TR-87385485-1|1-2D5KMOO4||US|US_291796|SIEBEL|PET|2016-02-25 00:00:00.000|On Standby||||?|2M SCAN OPTION|||XRAY ASSOCIATES OF NEW MEXICO PC|XRAY ASSOCIATES OF NEW MEXICO PC
P5053AE-87385458-1|1-2D5KJCRJ||US|US_291796|SIEBEL|PET|2016-02-25 00:00:00.000|On Standby||||?|EGL IMSless PET Table|||XRAY ASSOCIATES OF NEW MEXICO PC|XRAY ASSOCIATES OF NEW MEXICO PC
P5053AF-87385459-1|1-2D5KLFDJ||US|US_291796|SIEBEL|PET|2016-02-25 00:00:00.000|On Standby||||?|PET RIO Console|||XRAY ASSOCIATES OF NEW MEXICO PC|XRAY ASSOCIATES OF NEW MEXICO PC
P5053AP-87385462-1|1-2D5KIEZH||US|US_291796|SIEBEL|PET|2016-02-25 00:00:00.000|On Standby||||?|NGPDU-61 for 64-128sl|||XRAY ASSOCIATES OF NEW MEXICO PC|XRAY ASSOCIATES OF NEW MEXICO PC
P5053EJ-87385473-1|1-2D5KLFD1||US|US_291796|SIEBEL|PET|2016-02-25 00:00:00.000|On Standby||||?|PET EGL 64-128sl SW-Pubs|||XRAY ASSOCIATES OF NEW MEXICO PC|XRAY ASSOCIATES OF NEW MEXICO PC
P5053EK-87385474-1|1-2D5KJCT6||US|US_291796|SIEBEL|PET|2016-02-25 00:00:00.000|On Standby||||?|EGL 64-128sl Base Options|||XRAY ASSOCIATES OF NEW MEXICO PC|XRAY ASSOCIATES OF NEW MEXICO PC
P5053RO-87385496-1|1-2D5KO3NL||US|US_291796|SIEBEL|PET|2016-02-25 00:00:00.000|On Standby||||?|PET ASIR kit for 64sl|||XRAY ASSOCIATES OF NEW MEXICO PC|XRAY ASSOCIATES OF NEW MEXICO PC
P5054NA-87385486-1|1-2D5KK7S4||US|US_291796|SIEBEL|PET|2016-02-25 00:00:00.000|On Standby||||?|VUE POINT FX|||XRAY ASSOCIATES OF NEW MEXICO PC|XRAY ASSOCIATES OF NEW MEXICO PC
SP6844|1-218I-400||US|US_291796|SIEBEL|ULTRASOUND|1994-11-27 00:00:00.000|In Production||||?|DVU SPECTRA VST GATEWAY|||XRAY ASSOCIATES OF NEW MEXICO PC|XRAY ASSOCIATES OF NEW MEXICO PC
